id;user_id;first_name;middle_name;last_name;date_of_birth;country_of_birth;country_of_citizen_ship;passport_number;gender;category;email;current_address;phone_number;bachelor_degree;year;current_visa_status;refered_by;passport_front_page;passport_back_page
1;purple set;Reta;Bedfordshire;Greenfelder;2021-12-29T12:11:06;hybrid capacitor;protocol SMS hacking;XSS;OTHERS;MASTERCAP;Anahi_Hudson@yahoo.com;Berkshire sexy Focused;methodical Franc;red niches;Internal Integration Plastic;strategy Metal;Paraguay;../fake-data/blob/hipster.txt;../fake-data/blob/hipster.txt
2;Devolved;Misty;Vermont Australia Trafficway;Lemke;2021-12-29T12:40:53;Bedfordshire Principal Versatile;cyan Account collaboration;Bedfordshire Directives Arizona;FEMALE;MASTERCAP;Desmond68@gmail.com;Engineer Administrator back-end;and;Brand Movies EXE;solutions;Riel customized Malta;functionalities;../fake-data/blob/hipster.txt;../fake-data/blob/hipster.txt
3;attitude-oriented wireless infrastructure;Reba;Security Road;Koch;2021-12-29T14:22:01;e-markets Industrial;Practical Cotton Investment;PCI;FEMALE;REGULARCAP;Keshawn_Moore45@yahoo.com;Ohio;sensor;Spur Soap non-volatile;up Barbados Customer;Martin Car Pizza;portal Rustic primary;../fake-data/blob/hipster.txt;../fake-data/blob/hipster.txt
4;backing service-desk payment;Eden;Organic Factors;Durgan;2021-12-29T13:29:51;bus Account Facilitator;Metal;COM payment;MALE;MASTERCAP;Missouri34@gmail.com;digital program;Lebanese;invoice primary port;blue override extensible;Kingdom analyzing;Market;../fake-data/blob/hipster.txt;../fake-data/blob/hipster.txt
5;PCI Granite;Hilda;Credit Nepal Seamless;Collier;2021-12-29T11:53:07;Shoes systemic Fish;quantifying Branding;drive;OTHERS;REGULARCAP;Rhiannon69@yahoo.com;Borders withdrawal;French;Granite primary RAM;array;Ball;Refined engineer;../fake-data/blob/hipster.txt;../fake-data/blob/hipster.txt
6;Account Pataca wireless;Daren;next-generation;Paucek;2021-12-30T03:12:02;analyzing Table haptic;Vermont;Oro utilisation open;OTHERS;MASTERCAP;Emely_Powlowski@hotmail.com;Garden Home back-end;alarm Tactics invoice;Reunion;Cambridgeshire Account;Cambridgeshire port;transmitting ability hacking;../fake-data/blob/hipster.txt;../fake-data/blob/hipster.txt
7;Self-enabling;Braxton;Japan mesh;Hayes;2021-12-29T11:33:26;Sleek;Kids Home;Maryland Paradigm;MALE;MASTERCAP;Ettie95@hotmail.com;generation;Unbranded;Legacy iterate Mauritius;Valley;transmitter JSON;e-services payment;../fake-data/blob/hipster.txt;../fake-data/blob/hipster.txt
8;redefine Product Operations;Ansel;asynchronous digital;Durgan;2021-12-29T13:23:32;deposit Customer Cotton;gold Chicken;Bedfordshire;MALE;MASTERCAP;River4@yahoo.com;Vision-oriented Industrial;synthesizing;Crest Customer;Quality;web-readiness;collaborative;../fake-data/blob/hipster.txt;../fake-data/blob/hipster.txt
9;Toys Concrete architectures;Consuelo;Alabama;Flatley;2021-12-29T07:05:02;Lebanese;AI protocol;turquoise International;OTHERS;REGULARCAP;Javier_Yundt77@gmail.com;National Plastic;Buckinghamshire orchid;Shoes niches;card overriding;haptic;array Soft;../fake-data/blob/hipster.txt;../fake-data/blob/hipster.txt
10;Spur Route;Jimmy;PNG;Jakubowski;2021-12-29T12:35:46;Team-oriented;Mews Designer;Ville California;OTHERS;MASTERCAP;Adela_Jones26@hotmail.com;Bacon;Re-contextualized;Future Compatible;demand-driven;Upgradable Regional;auxiliary Buckinghamshire;../fake-data/blob/hipster.txt;../fake-data/blob/hipster.txt
